id,visitor_name,Timing,actual_name
0dd285ff-16fc-11ef-9345-705a0fc29e8a,Unknown,2024-05-20 23:55:32,
1369f9e6-16fc-11ef-a4e1-705a0fc29e8a,Unknown,2024-05-20 23:55:44,
24e0907e-16fc-11ef-b36e-705a0fc29e8a,Unknown,2024-05-20 23:56:11,
2c1f1a89-1702-11ef-b5d7-705a0fc29e8a,Unknown,2024-05-21 00:39:21,
30b487e6-1702-11ef-9f83-705a0fc29e8a,Unknown,2024-05-21 00:39:28,
49a64a9a-1702-11ef-b177-705a0fc29e8a,faisal,2024-05-21 00:40:09,
c0b551be-1703-11ef-a5f3-705a0fc29e8a,faisal,2024-05-21 00:50:44,
f30606ae-1709-11ef-be18-705a0fc29e8a,faisal,2024-05-21 01:34:59,
f83ec1a8-1709-11ef-bf67-705a0fc29e8a,faisal,2024-05-21 01:35:07,
fb9b054d-1709-11ef-a4ee-705a0fc29e8a,Unknown,2024-05-21 01:35:14,
00f96f4b-170a-11ef-bff5-705a0fc29e8a,faisal,2024-05-21 01:35:22,
047f401b-170a-11ef-aad6-705a0fc29e8a,faisal,2024-05-21 01:35:28,
076e40e4-170a-11ef-9a7c-705a0fc29e8a,Unknown,2024-05-21 01:35:33,
b373c8ef-17ec-11ef-9c1d-705a0fc29e8a,faisal,2024-05-22 04:38:12,
4dc0f5ae-17ef-11ef-8e25-705a0fc29e8a,faisal,2024-05-22 04:56:48,
52660662-17ef-11ef-b0fc-705a0fc29e8a,faisal,2024-05-22 04:56:55,
55b743c3-17ef-11ef-9587-705a0fc29e8a,Unknown,2024-05-22 04:57:00,
5936d99c-17ef-11ef-9c01-705a0fc29e8a,Unknown,2024-05-22 04:57:06,
5b54499d-17ef-11ef-99f3-705a0fc29e8a,faisal,2024-05-22 04:57:10,
dc254e88-17ef-11ef-88f6-705a0fc29e8a,faisal,2024-05-22 05:00:46,
3dc8f447-17f0-11ef-8431-705a0fc29e8a,faisal,2024-05-22 05:03:29,
027eec26-17f1-11ef-9629-705a0fc29e8a,faisal,2024-05-22 05:08:59,
092386a4-17f1-11ef-95d2-705a0fc29e8a,faisal,2024-05-22 05:09:10,
58441ca6-17f1-11ef-8725-705a0fc29e8a,faisal,2024-05-22 05:11:23,
